<?xml version="1.0" encoding="UTF-8"?>
<project-private xmlns="http://www.netbeans.org/ns/project-private/1">
    <editor-bookmarks xmlns="http://www.netbeans.org/ns/editor-bookmarks/2" lastBookmarkId="0"/>
    <open-files xmlns="http://www.netbeans.org/ns/projectui-open-files/2">
        <group>
            <file>file:/C:/Users/crist/OneDrive/Documents/NetBeansProjects/ProyectComp4400/src/Model/ManyToMany.java</file>
            <file>file:/C:/Users/crist/OneDrive/Documents/NetBeansProjects/ProyectComp4400/src/proyectcomp4400/RentForm.java</file>
            <file>file:/C:/Users/crist/OneDrive/Documents/NetBeansProjects/ProyectComp4400/src/Model/Rent.java</file>
            <file>file:/C:/Users/crist/OneDrive/Documents/NetBeansProjects/ProyectComp4400/src/proyectcomp4400/Log_in.java</file>
            <file>file:/C:/Users/crist/OneDrive/Documents/NetBeansProjects/ProyectComp4400/src/proyectcomp4400/EditMovie.java</file>
            <file>file:/C:/Users/crist/OneDrive/Documents/NetBeansProjects/ProyectComp4400/src/proyectcomp4400/MoviesForm.java</file>
            <file>file:/C:/Users/crist/OneDrive/Documents/NetBeansProjects/ProyectComp4400/src/proyectcomp4400/AddMovie.java</file>
        </group>
    </open-files>
</project-private>
